mutant,sequence_pos,expression,tm,k,err_tm,err_k,kcat,km,kcatkm,ki,ki_percent_err,percent_err_kcat,err_kcat,percent_err_km,err_km,err_kcatkm,comment,gel_comment,gel_number
G12N,12,0,NA,NA,NA,NA,NA,NA,NA,NA,NA,NA,NA,NA,NA,NA,,,16
S14A,14,1,40.16,-1.72,0.30,0.37,320,8.25,38823,NA,NA,3.4,11,12.4,1.02,4972,,,9
T15A,15,1,39.17,-0.58,0.23,0.07,614,5.3,115849,NA,NA,2.4,14.7,9,0.48,1.7,,,2
S16N,16,0,NA,NA,NA,NA,NA,NA,NA,NA,NA,NA,NA,NA,NA,NA,,,
S16A,16,1,39.41,-0.83,0.27,0.16,154,14.01,10997,NA,NA,0.6,1,2.9,0.4,331,,,5
S17A,17,1,41.66,-1.31,0.14,0.44,848,18.45,45978,NA,NA,9,76,20.2,3.72,10135,,,9
S17E,17,1,39.47,-0.82,0.14,0.08,641,7.32,87596,NA,NA,1.4,9,5.2,0.38,4719,,,15
Y18A,18,1,38.26,-0.47,0.23,0.04,197,31.55,6230,NA,NA,4.6,9,11.4,3.61,773,,,2
Q19C,19,1,NA,NA,NA,NA,NA,NA,10,NA,NA,NA,NA,NA,NA,1,,,3
Q19A,19,1,NA,NA,NA,NA,NA,NA,10,NA,NA,NA,NA,NA,NA,1,,,13
Q19P,19,0,NA,NA,NA,NA,NA,NA,NA,NA,NA,NA,NA,NA,NA,NA,,,17
Q19S,19,1,36.82,-0.58,0.18,0.05,NA,NA,13,NA,NA,NA,NA,NA,NA,3,,,14
S32L,32,0,NA,NA,NA,NA,NA,NA,NA,NA,NA,NA,NA,NA,NA,NA,,,1
W34A,34,0,NA,NA,NA,NA,NA,NA,NA,NA,NA,NA,NA,NA,NA,NA,,,6
V52G,52,1,39.28,-1.13,0.12,0.13,687,8.25,83371,NA,NA,1.9,13,6.5,0.54,5707,,,12
F72H,72,0,NA,NA,NA,NA,NA,NA,NA,NA,NA,NA,NA,NA,NA,NA,,,7
R76A,76,0,NA,NA,NA,NA,NA,NA,NA,NA,NA,NA,NA,NA,NA,NA,,,5
I91E,91,1,39.66,-0.55,0.32,0.08,846,6.71,126071,NA,NA,4.1,35,11.8,0.79,15714,,,10
H101R,101,1,40.09,-0.95,0.10,0.07,1059,10.62,99708,NA,NA,1.5,16,5,0.53,5225,,,12
H119E,119,0,NA,NA,NA,NA,NA,NA,NA,NA,NA,NA,NA,NA,NA,NA,,,7
H119N,119,1,?,?,?,?,2,23.22,82,NA,NA,50,1,9.5,2.2,8,,,14
H119A,119,1,40.23,-1.08,0.19,0.14,143,15.1,9483,NA,NA,7.7,11,22.3,3.36,2222,,,9
W120A,120,0,NA,NA,NA,NA,NA,NA,NA,NA,NA,NA,NA,NA,NA,NA,,,9
W120F,120,1,41.68,-0.51,0.36,0.08,472,16.08,29334,NA,NA,4.4,21,12.9,2.07,3980,,,15
W120H,120,1,40.09,-0.65,0.14,0.05,84,89.18,943,NA,NA,2.4,2,4.8,4.31,53,,,3
D121F,121,0,NA,NA,NA,NA,NA,NA,NA,NA,NA,NA,NA,NA,NA,NA,,,1
E154D,154,1,38.83,-0.77,0.32,0.18,878,3.46,254004,NA,NA,5.4,47,22,0.76,57175,,,14
N163K,163,0,NA,NA,NA,NA,NA,NA,NA,NA,NA,NA,NA,NA,NA,NA,,,1
N163E,163,0,NA,NA,NA,NA,NA,NA,NA,NA,NA,NA,NA,NA,NA,NA,,,17
N163D,163,1,38.52,-0.51,0.30,0.07,12,15.19,789,NA,NA,8.3,1,9.3,1.41,77,,,3
N163A,163,1,41.16,-0.50,0.29,0.06,7,11.95,558,NA,NA,14.3,1,7.6,0.91,44,,,9
N163C,163,1,38.05,-0.37,0.31,0.04,26,5.42,4766,NA,NA,3.8,1,5.9,0.32,291,,,4
E164G,164,0,NA,NA,NA,NA,NA,NA,NA,NA,NA,NA,NA,NA,NA,NA,,,2
E164R,164,0,NA,NA,NA,NA,NA,NA,NA,NA,NA,NA,NA,NA,NA,NA,,change gel #,10
E164A,164,1,?,?,?,?,1,1.01,19,NA,NA,10,0.1,16.8,0.17,1,,,10
Y166P,166,1,34.87,-0.15,1.14,0.03,27,2.5,10596,94.95,10.18,3.7,1,18,0.45,1981,,change gel #,14
C167A,167,1,39.84,-1.47,0.54,0.58,479,14.56,32884,NA,NA,2.9,14,8.7,1.27,3026,,,11
C167Q,167,1,38.86,-0.65,0.12,0.05,504,4.92,102415,590.71,86.56,1.2,6,3.9,0.19,4149,,,15
L171A,171,1,38.80,-0.66,0.53,0.21,807,11.09,72719,NA,NA,1.1,9,3.8,0.42,2851,,,11
L171R,171,1,38.83,-0.77,0.32,0.18,403,3.36,120146,NA,NA,1.7,7,6.8,0.23,8506,,,14
T175R,175,1,38.06,-0.54,0.11,0.03,801,3.59,223033,NA,NA,1,8,4.2,0.15,9663,,,7
E177L,177,1,39.60,-0.76,0.42,0.20,670,7.48,89478,NA,NA,1.5,10,4.8,0.36,4555,,,7
E177K,177,1,36.73,-0.70,0.25,0.10,555,6.19,89609,362.94,36.97,1.3,7,4.8,0.3,4493,,,10
E177A,177,1,37.54,-0.52,0.24,0.06,986,5.98,164804,NA,NA,1,10,3.7,0.22,6408,,,14
H178R,178,0,NA,NA,NA,NA,NA,NA,NA,NA,NA,NA,NA,NA,NA,NA,,,
H178A,178,1,34.25,-0.73,0.12,0.05,113,7.67,14697,173.34,42.79,2.7,3,9.5,0.73,1463,,on gel number 13 and 16 (same results- keep 13),13
A192S,192,1,39.24,-1.29,0.29,0.46,946,5.09,185848,NA,NA,1.1,10,3.5,0.18,6994,,,14
T218A,218,1,40.08,-1.15,0.09,0.07,464,6.51,71280,NA,NA,3.9,18,14.4,0.94,10669,,,2
N220G,220,1,41.89,-1.60,0.22,0.71,209,33.3,6276,NA,NA,3,6.3,7.1,2.36,1,,,13
N220H,220,1,39.60,-0.93,0.40,0.27,123,5.14,23874,NA,NA,0.8,1,4.1,0.21,1031,,,10
N220R,220,1,39.50,-0.72,0.32,0.14,15,12.5,1192,NA,NA,3.5,0.5,11.1,1.39,1,,,
N220A,220,1,38.85,-0.77,0.19,0.11,405,10.27,39425,NA,NA,2,8,6.6,0.68,2745,,,5
N220Y,220,1,41.74,-0.38,0.17,0.02,628,0.4,1570000,NA,NA,1,6.3,4.1,0.02,10.3,,,
M221A,221,1,40.42,-0.68,0.35,0.14,547,6.25,87554,NA,NA,2.7,15,9.6,0.6,8701,,,4
E222Y,222,1,37.13,-0.93,0.51,0.32,12,18.43,636,NA,NA,8.3,1,17,3.14,116,,,4
E222Q,222,1,39.75,-1.09,0.28,0.23,668,12.16,54923,NA,NA,1.6,11,5.3,0.65,3084,,,4
E222K,222,1,38.97,-0.59,0.44,0.14,108,7.22,14955,NA,NA,2.8,3,10.4,0.75,1618,,,4
E222R,222,1,39.10,-0.86,0.21,0.14,42,2.48,17098,NA,NA,4.8,2,17.7,0.44,3148,,,4
E222H,222,1,34.91,-0.70,0.15,0.07,160,8.54,18695,NA,NA,1.9,3,6.2,0.53,1212,,,2
E222A,222,1,36.86,-0.69,0.12,0.05,90,0.63,143604,95.24,13.7,4.4,4,23.8,0.15,36130,,,5
A236E,236,0,NA,NA,NA,NA,NA,NA,NA,NA,NA,NA,NA,NA,NA,NA,,,1
R240E,240,0,NA,NA,NA,NA,NA,NA,NA,NA,NA,NA,NA,NA,NA,NA,,,3
R240D,240,1,?,?,?,?,282,10.82,26093,NA,NA,1.4,4,4.3,0.47,1196,,,10
R240K,240,1,39.33,-1.47,0.19,0.33,898,17.67,50829,NA,NA,6.6,59,18.8,3.32,10102,,,3
R240A,240,1,39.90,-1.06,0.12,0.09,11011,19.46,565763,NA,NA,2.3,258,6,1.17,36384,,,13
I244N,244,1,36.84,-0.48,0.57,0.12,271,2.15,126176,NA,NA,1.5,4,6,0.13,7795,,,7
I244E,244,1,37.84,-0.90,0.09,0.06,497,5.97,83137,NA,NA,4.6,23,17.4,1.04,14963,,delete from gel 4,1
A249E,249,0,NA,NA,NA,NA,NA,NA,NA,NA,NA,NA,NA,NA,NA,NA,,,1
M261D,261,0,NA,NA,NA,NA,NA,NA,NA,NA,NA,NA,NA,NA,NA,NA,,,12
N293D,293,0,NA,NA,NA,NA,NA,NA,NA,NA,NA,NA,NA,NA,NA,NA,,change gel #,
N293Q,293,1,NA,NA,NA,NA,NA,NA,10,NA,NA,NA,NA,NA,NA,1,,,
N293K,293,0,NA,NA,NA,NA,NA,NA,NA,NA,NA,NA,NA,NA,NA,NA,,,16
N293C,293,1,38.88,-0.65,0.37,0.14,11,19.8,556,NA,NA,3.8,0.4,10.5,2.08,1,,,
N293A,293,1,40.77,-0.43,0.24,0.04,13,9.67,1313,NA,NA,7.7,1,4.6,0.44,63,,change gel #,10
Y294L,294,0,NA,NA,NA,NA,NA,NA,NA,NA,NA,NA,NA,NA,NA,NA,,,1
Y294A,294,1,40.37,-1.03,0.20,0.15,166,4.98,33260,NA,NA,1.2,2,3.4,0.17,1180,,,15
Y294F,294,1,40.76,-1.15,0.12,0.14,735,5.99,122751,NA,NA,1.5,11,5.3,0.32,6883,,,15
Y295G,295,1,NA,NA,NA,NA,NA,NA,10,NA,NA,NA,NA,NA,NA,1,,,3
Y295A,295,1,NA,NA,NA,NA,NA,NA,10,NA,NA,NA,NA,NA,NA,1,,,7
T296A,296,0,NA,NA,NA,NA,NA,NA,NA,NA,NA,NA,NA,NA,NA,NA,,change gel #,16
T296E,296,0,NA,NA,NA,NA,NA,NA,NA,NA,NA,NA,NA,NA,NA,NA,,,16
S298E,298,1,39.61,-0.98,0.15,0.11,809,5.28,153264,NA,NA,0.2,2,0.9,0.05,1391,,,3
I300N,300,1,38.56,-0.42,0.54,0.08,693,4.48,154732,NA,NA,1.9,13,7.1,0.32,11520,,,7
Q313R,313,1,42.11,-1.21,0.32,0.43,689,3.58,192373,NA,NA,3.5,24,14.2,0.51,28109,,,15
H315E,315,1,NA,NA,NA,NA,NA,NA,10,NA,NA,NA,NA,NA,NA,1,,on gel number 13 and 16 (same results- keep 13),13
H315N,315,0,NA,NA,NA,NA,NA,NA,NA,NA,NA,NA,NA,NA,NA,NA,,,15
M323K,323,0,NA,NA,NA,NA,NA,NA,NA,NA,NA,NA,NA,NA,NA,NA,,,13
M323A,323,1,37.12,-0.83,0.08,0.04,416,9.34,44477,126.29,25.47,2.6,11,8.6,0.8,3991,,,11
W325G,325,0,NA,NA,NA,NA,NA,NA,NA,NA,NA,NA,NA,NA,NA,NA,,,10
W325H,325,1,?,?,?,?,35,3.08,11358,143.45,25.04,2.9,1,14,0.43,1645,,,7
W325L,325,1,42.62,-1.31,0.29,0.28,109,5.74,18909,NA,NA,1.8,2,6.1,0.35,1198,,,15
W325A,325,1,40.13,-0.61,0.45,0.15,29,1.61,18243,171.02,19.85,3.4,1,14.3,0.23,2607,,,6
W325C,325,1,39.30,-1.03,0.15,0.14,10,4.18,2503,159.19,34.38,10,1,12.7,0.53,327,,,12
W325R,325,1,40.01,-0.82,0.15,0.08,NA,NA,11,NA,NA,NA,NA,NA,NA,1,,,3
P329N,329,0,NA,NA,NA,NA,NA,NA,NA,NA,NA,NA,NA,NA,NA,NA,,,5
S331A,331,1,39.29,-0.52,0.33,0.08,817,4.34,188306,NA,NA,0.6,5,2.5,0.11,5055,,,14
K341A,341,1,40.01,-1.73,0.06,0.07,1046,5.46,191689,NA,NA,1.6,17,6,0.33,12041,,,12
F343S,343,0,NA,NA,NA,NA,NA,NA,NA,NA,NA,NA,NA,NA,NA,NA,,,16
T352A,352,1,38.11,-0.78,0.30,0.17,60,14.26,4174,NA,NA,3.3,2,12.3,1.76,541,,,2
E353A,353,1,NA,NA,NA,NA,NA,NA,10,NA,NA,NA,NA,NA,NA,1,,,11
N354A,354,1,40.75,-0.61,0.36,0.12,3,5.38,547,NA,NA,33.3,1,12.5,0.67,70,,change gel #,9
G355A,355,0,NA,NA,NA,NA,NA,NA,NA,NA,NA,NA,NA,NA,NA,NA,,,9
M358T,358,1,39.54,-1.51,0.18,0.25,436,4.83,90241,NA,NA,2.5,11,9.9,0.48,9225,,,12
L362M,362,1,40.02,-0.68,0.16,0.06,917,5.2,176346,NA,NA,1,9.2,3.7,0.19,1,,,
H373R,373,1,39.24,-1.29,0.29,0.46,707,6.31,112169,NA,NA,1.3,9,4.8,0.3,5512,,,14
H379T,379,0,NA,NA,NA,NA,NA,NA,NA,NA,NA,NA,NA,NA,NA,NA,,,12
H379R,379,1,?,?,?,?,2,6.24,380,NA,NA,50,1,13.5,0.84,53,,,14
W399G,399,1,NA,NA,NA,NA,NA,NA,10,NA,NA,NA,NA,NA,NA,1,,,3
W399S,399,1,NA,NA,NA,NA,NA,NA,10,NA,NA,NA,NA,NA,NA,1,,,3
W399R,399,1,?,?,?,?,1,3.3,303,NA,NA,6.4,0.1,26.2,0.86,10.2,,,
W399C,399,1,?,?,?,?,3,70.33,39,NA,NA,33.3,1,8.4,5.89,4,,,12
W399A,399,1,?,?,?,?,1,16.65,14,NA,NA,10,0.1,15.1,2.52,1,,,15
S400A,400,1,39.91,-0.65,0.31,0.11,531,3.22,164795,NA,NA,1.7,9,6.8,0.22,11833,,change gel #,13
D403A,403,0,NA,NA,NA,NA,NA,NA,NA,NA,NA,NA,NA,NA,NA,NA,,,14
N404A,404,1,41.90,-1.36,0.12,0.28,4,9.42,393,NA,NA,25,1,4.5,0.42,18,,,9
N404C,404,1,42.65,-1.37,0.24,0.25,85,14.4,5917,NA,NA,4.3,3.7,13.2,1.9,1,,,12
E406A,406,1,40.08,-1.71,0.71,0.86,NA,NA,11,NA,NA,NA,NA,NA,NA,1,,,4
E406D,406,1,40.67,-1.12,0.26,0.27,39,34.13,1146,NA,NA,2.6,1,7.5,2.57,94,,,15
W407Y,407,0,NA,NA,NA,NA,NA,NA,NA,NA,NA,NA,NA,NA,NA,NA,,,1
W407A,407,0,NA,NA,NA,NA,NA,NA,NA,NA,NA,NA,NA,NA,NA,NA,,,2
W407Q,407,0,NA,NA,NA,NA,NA,NA,NA,NA,NA,NA,NA,NA,NA,NA,,,5
W407R,407,0,NA,NA,NA,NA,NA,NA,NA,NA,NA,NA,NA,NA,NA,NA,,,5
W407G,407,0,NA,NA,NA,NA,NA,NA,NA,NA,NA,NA,NA,NA,NA,NA,,,6
W407K,407,0,NA,NA,NA,NA,NA,NA,NA,NA,NA,NA,NA,NA,NA,NA,,,17
W409Y,409,1,36.75,-0.40,0.14,0.02,809,2.6,311154,NA,NA,1.6,12.9,7.1,0.18,2.7,,,
F415A,415,1,?,?,?,?,1,16.63,80,NA,NA,10,0.1,24.1,4,20,"look in Gen5, data could be cleaned up ",,9
F415N,415,1,?,?,?,?,1,23.1,43,NA,NA,3.1,0,8.3,1.92,3.1,,change gel #,13
E423S,423,1,39.50,-1.49,0.09,0.13,646,6.6,97777,NA,NA,6.5,42,6.4,0.42,6431,,,12
BglB,,1,39.93,-1.19,0.09,0.08,880,5,174000,NA,NA,1.1,10,4,0.2,8000,,,