mutant,sequence_pos,expression,tm,k,err_tm,err_k,kcat,km,kcatkm,err_km,err_kcat,err_kcatkm,ki,ki_percent_err,ki_err,gel_number
G12N,12,0,NA,NA,NA,NA,NA,NA,,NA,NA,,NA,NA,NA,16
S14A,14,1,40.16,-1.72,0.30,0.37,320,8.25,38823,1.02,11,4972,NA,NA,NA,9
T15A,15,1,39.17,-0.58,0.23,0.07,614,5.3,115849,0.48,14.7,1.7,NA,NA,NA,2
S16A,16,1,39.41,-0.83,0.27,0.16,154,14.01,10997,0.4,1,331,NA,NA,NA,5
S16N,16,0,NA,NA,NA,NA,NA,NA,,NA,NA,,NA,NA,NA,8
S17E,17,1,39.47,-0.82,0.14,0.08,641,7.32,87596,0.38,9,4719,NA,NA,NA,15
S17A,17,1,41.66,-1.31,0.14,0.44,848,18.45,45978,3.72,76,10135,NA,NA,NA,9
Y18A,18,1,37.17,-0.35,0.30,0.03,197,31.55,6230,3.61,9,773,NA,NA,NA,2
Q19S,19,1,36.82,-0.58,0.18,0.05,NA,NA,13,NA,NA,3,NA,NA,NA,14
Q19A,19,1,NA,NA,NA,NA,NA,NA,<10,NA,NA,NA,NA,NA,NA,13
Q19C,19,1,NA,NA,NA,NA,NA,NA,<10,NA,NA,NA,NA,NA,NA,3
Q19P,19,0,NA,NA,NA,NA,NA,NA,,NA,NA,,NA,NA,NA,17
S32L,32,0,NA,NA,NA,NA,NA,NA,,NA,NA,,NA,NA,NA,1
W34A,34,0,NA,NA,NA,NA,NA,NA,,NA,NA,,NA,NA,NA,6
V52G,52,1,39.28,-1.13,0.12,0.13,687,8.25,83371,0.54,13,5707,NA,NA,NA,12
F72A,72,1,38.61,-0.42,0.43,0.07,613.00,5.47,112224,0.28,8.00,6000.00,NA,NA,NA,7
R76A,76,0,NA,NA,NA,NA,NA,NA,,NA,NA,,NA,NA,NA,18
I91E,91,1,39.66,-0.55,0.32,0.08,846,6.71,126071,0.79,35,15714,NA,NA,NA,10
H101R,101,1,40.09,-0.95,0.10,0.07,1059,10.62,99708,0.53,16,5225,NA,NA,NA,12
H119A,119,1,40.23,-1.08,0.19,0.14,143,15.1,9483,3.36,11,2222,NA,NA,NA,9
H119N,119,1,40.31,-0.26,0.61,0.04,2,23.22,82,2.2,1,8,NA,NA,NA,21
H119E,119,0,NA,NA,NA,NA,NA,NA,,NA,NA,,NA,NA,NA,18
W120H,120,1,40.09,-0.65,0.14,0.05,84,89.18,943,4.31,2,53,NA,NA,NA,3
W120F,120,1,41.68,-0.51,0.36,0.08,472,16.08,29334,2.07,21,3980,NA,NA,NA,15
W120A,120,0,NA,NA,NA,NA,NA,NA,,NA,NA,,NA,NA,NA,9
D121F,121,0,NA,NA,NA,NA,NA,NA,,NA,NA,,NA,NA,NA,1
E154D,154,1,38.83,-0.77,0.32,0.18,878,3.46,254004,0.76,47,57175,NA,NA,NA,14
N163C,163,1,38.05,-0.37,0.31,0.04,26,5.42,4766,0.32,1,291,NA,NA,NA,4
N163D,163,1,38.52,-0.51,0.30,0.07,12,15.19,789,1.41,1,77,NA,NA,NA,3
N163A,163,1,41.16,-0.50,0.29,0.06,7,11.95,558,0.91,1,44,NA,NA,NA,9
N163E,163,0,NA,NA,NA,NA,NA,NA,,NA,NA,,NA,NA,NA,17
N163K,163,0,NA,NA,NA,NA,NA,NA,,NA,NA,,NA,NA,NA,1
E164A,164,1,45.99,-0.37,0.13,0.02,1,1.01,19,0.17,0.1,1,NA,NA,NA,10
E164G,164,0,NA,NA,NA,NA,NA,NA,,NA,NA,,NA,NA,NA,2
E164R,164,0,NA,NA,NA,NA,NA,NA,,NA,NA,,NA,NA,NA,18
Y166P,166,0,NA,NA,NA,NA,NA,NA,,NA,NA,,NA,NA,NA,18
C167Q,167,1,38.86,-0.65,0.12,0.05,504,4.92,102415,0.19,6,4149,590.71,86.56,511.32,15
C167A,167,1,39.84,-1.47,0.54,0.58,479,14.56,32884,1.27,14,3026,NA,NA,NA,11
L171A,171,1,38.80,-0.66,0.53,0.21,807,11.09,72719,0.42,9,2851,NA,NA,NA,11
L171R,171,1,38.83,-0.77,0.32,0.18,403,3.36,120146,0.23,7,8506,NA,NA,NA,14
T175R,175,1,38.06,-0.54,0.11,0.03,801,3.59,223033,0.15,8,9663,NA,NA,NA,7
E177K,177,1,36.73,-0.70,0.25,0.10,555,6.19,89609,0.3,7,4493,362.94,36.97,134.18,10
E177A,177,1,37.54,-0.52,0.24,0.06,986,5.98,164804,0.22,10,6408,NA,NA,NA,14
E177L,177,1,39.60,-0.76,0.42,0.20,670,7.48,89478,0.36,10,4555,NA,NA,NA,7
H178A,178,1,39.64,-0.41,0.40,0.06,113,7.67,14697,0.73,3,1463,173.34,42.79,74.17,16
H178R,178,0,NA,NA,NA,NA,NA,NA,,NA,NA,,NA,NA,NA,8
A192S,192,1,39.24,-1.29,0.29,0.46,946,5.09,185848,0.18,10,6994,NA,NA,NA,14
T218A,218,1,40.08,-1.15,0.09,0.07,464,6.51,71280,0.94,18,10669,NA,NA,NA,2
N220A,220,1,38.85,-0.77,0.19,0.11,405,10.27,39425,0.68,8,2745,NA,NA,NA,5
N220R,220,1,39.50,-0.72,0.32,0.14,15,12.5,1192,1.39,0.5,1,NA,NA,NA,8
N220H,220,1,39.60,-0.93,0.40,0.27,123,5.14,23874,0.21,1,1031,NA,NA,NA,10
N220Y,220,1,41.74,-0.38,0.17,0.02,628,0.4,1570000,0.02,6.3,10.3,NA,NA,NA,8
N220G,220,1,41.89,-1.60,0.22,0.71,209,33.3,6276,2.36,6.3,1,NA,NA,NA,13
M221A,221,1,40.42,-0.68,0.35,0.14,547,6.25,87554,0.6,15,8701,NA,NA,NA,20
E222H,222,1,34.91,-0.70,0.15,0.07,160,8.54,18695,0.53,3,1212,NA,NA,NA,2
E222A,222,1,36.86,-0.69,0.12,0.05,90,0.63,143604,0.15,4,36130,95.24,13.7,13.05,5
E222Y,222,1,37.13,-0.93,0.51,0.32,12,18.43,636,3.14,1,116,NA,NA,NA,20
E222K,222,1,38.97,-0.59,0.44,0.14,108,7.22,14955,0.75,3,1618,NA,NA,NA,20
E222R,222,1,39.10,-0.86,0.21,0.14,42,2.48,17098,0.44,2,3148,NA,NA,NA,20
E222Q,222,1,39.75,-1.09,0.28,0.23,668,12.16,54923,0.65,11,3084,NA,NA,NA,4
A236E,236,0,NA,NA,NA,NA,NA,NA,,NA,NA,,NA,NA,NA,1
R240D,240,1,37.18,-0.81,0.04,0.02,282,10.82,26093,0.47,4,1196,NA,NA,NA,10
R240K,240,1,39.33,-1.47,0.19,0.33,898,17.67,50829,3.32,59,10102,NA,NA,NA,3
R240A,240,1,39.90,-1.06,0.12,0.09,11011,19.46,565763,1.17,258,36384,NA,NA,NA,13
R240E,240,0,NA,NA,NA,NA,NA,NA,,NA,NA,,NA,NA,NA,3
I244N,244,1,36.84,-0.48,0.57,0.12,271,2.15,126176,0.13,4,7795,NA,NA,NA,20
I244E,244,1,37.84,-0.90,0.09,0.06,497,5.97,83137,1.04,23,14963,NA,NA,NA,1
A249E,249,0,NA,NA,NA,NA,NA,NA,,NA,NA,,NA,NA,NA,1
M261D,261,0,NA,NA,NA,NA,NA,NA,,NA,NA,,NA,NA,NA,12
N293C,293,1,38.88,-0.65,0.37,0.14,11,19.8,556,2.08,0.4,1,NA,NA,NA,8
N293A,293,1,40.77,-0.43,0.24,0.04,13,9.67,1313,0.44,1,63,NA,NA,NA,10
N293D,293,0,NA,NA,NA,NA,NA,NA,,NA,NA,,NA,NA,NA,18
N293K,293,0,NA,NA,NA,NA,NA,NA,,NA,NA,,NA,NA,NA,16
N293Q,293,1,NA,NA,NA,NA,NA,NA,<10,NA,NA,NA,NA,NA,NA,8
Y294A,294,1,40.37,-1.03,0.20,0.15,166,4.98,33260,0.17,2,1180,NA,NA,NA,15
Y294F,294,1,40.76,-1.15,0.12,0.14,735,5.99,122751,0.32,11,6883,NA,NA,NA,15
Y294L,294,0,NA,NA,NA,NA,NA,NA,,NA,NA,,NA,NA,NA,1
Y295A,295,1,NA,NA,NA,NA,NA,NA,<10,NA,NA,NA,NA,NA,NA,7
Y295G,295,1,NA,NA,NA,NA,NA,NA,<10,NA,NA,NA,NA,NA,NA,3
T296A,296,0,NA,NA,NA,NA,NA,NA,,NA,NA,,NA,NA,NA,13
T296E,296,0,NA,NA,NA,NA,NA,NA,,NA,NA,,NA,NA,NA,16
S298E,298,1,39.61,-0.98,0.15,0.11,809,5.28,153264,0.05,2,1391,NA,NA,NA,3
I300N,300,1,38.56,-0.42,0.54,0.08,693,4.48,154732,0.32,13,11520,NA,NA,NA,7
Q313R,313,1,42.11,-1.21,0.32,0.43,689,3.58,192373,0.51,24,28109,NA,NA,NA,15
H315E,315,1,NA,NA,NA,NA,NA,NA,<10,NA,NA,NA,NA,NA,NA,13
H315N,315,0,NA,NA,NA,NA,NA,NA,,NA,NA,,NA,NA,NA,15
M323A,323,1,37.12,-0.83,0.08,0.04,416,9.34,44477,0.8,11,3991,126.29,25.47,32.17,11
M323K,323,0,NA,NA,NA,NA,NA,NA,,NA,NA,,NA,NA,NA,13
W325H,325,1,37.66,-0.39,0.29,0.04,35,3.08,11358,0.43,1,1645,143.45,25.04,35.92,7
W325C,325,1,39.30,-1.03,0.15,0.14,10,4.18,2503,0.53,1,327,159.19,34.38,54.73,12
W325R,325,1,40.01,-0.82,0.15,0.08,NA,NA,11,NA,NA,1,NA,NA,NA,3
W325A,325,1,40.13,-0.61,0.45,0.15,29,1.61,18243,0.23,1,2607,171.02,19.85,33.95,6
W325L,325,1,40.41,-0.69,0.53,0.22,109,5.74,18909,0.35,2,1198,NA,NA,NA,15
W325G,325,0,NA,NA,NA,NA,NA,NA,,NA,NA,,NA,NA,NA,10
P329N,329,0,NA,NA,NA,NA,NA,NA,,NA,NA,,NA,NA,NA,18
S331A,331,1,39.29,-0.52,0.33,0.08,817,4.34,188306,0.11,5,5055,NA,NA,NA,14
K341A,341,1,40.01,-1.73,0.06,0.07,1046,5.46,191689,0.33,17,12041,NA,NA,NA,12
F343S,343,0,NA,NA,NA,NA,NA,NA,,NA,NA,,NA,NA,NA,16
T352A,352,1,38.11,-0.78,0.30,0.17,60,14.26,4174,1.76,2,541,NA,NA,NA,2
E353A,353,1,NA,NA,NA,NA,NA,NA,<10,NA,NA,NA,NA,NA,NA,11
N354A,354,1,40.75,-0.61,0.36,0.12,3,5.38,547,0.67,1,70,NA,NA,NA,20
G355A,355,0,NA,NA,NA,NA,NA,NA,,NA,NA,,NA,NA,NA,9
M358T,358,1,39.54,-1.51,0.18,0.25,436,4.83,90241,0.48,11,9225,NA,NA,NA,12
L362M,362,1,40.02,-0.68,0.16,0.06,917,5.2,176346,0.19,9.2,1,NA,NA,NA,8
H373R,373,1,39.24,-1.29,0.29,0.46,707,6.31,112169,0.3,9,5512,NA,NA,NA,14
H379R,379,1,NA,NA,NA,NA,NA,NA,<10,NA,NA,NA,NA,NA,NA,14
H379T,379,0,NA,NA,NA,NA,NA,NA,,NA,NA,,NA,NA,NA,12
W399R,399,1,37.93,-0.28,0.79,0.06,0.20,12.75,15.70,0.87,0.01,NA,NA,NA,NA,8
W399C,399,1,41.70,-1.00,0.08,0.09,3,70.33,39,5.89,1,4,NA,NA,NA,12
W399A,399,1,NA,NA,NA,NA,NA,NA,<10,NA,NA,NA,NA,NA,NA,21
W399G,399,1,NA,NA,NA,NA,NA,NA,<10,NA,NA,NA,NA,NA,NA,3
W399S,399,1,NA,NA,NA,NA,NA,NA,<10,NA,NA,NA,NA,NA,NA,3
S400A,400,1,39.91,-0.65,0.31,0.11,531,3.22,164795,0.22,9,11833,NA,NA,NA,18
D403A,403,0,NA,NA,NA,NA,NA,NA,,NA,NA,,NA,NA,NA,14
N404A,404,1,41.90,-1.36,0.12,0.28,4,9.42,393,0.42,1,18,NA,NA,NA,9
N404C,404,1,42.65,-1.37,0.24,0.25,85,14.4,5917,1.9,3.7,1,NA,NA,NA,12
E406A,406,1,40.08,-1.71,0.71,0.86,NA,NA,11,NA,NA,1,NA,NA,NA,16
E406D,406,1,40.67,-1.12,0.26,0.27,39,34.13,1146,2.57,1,94,NA,NA,NA,15
W407A,407,1,NA,NA,NA,NA,NA,NA,<10,NA,NA,NA,NA,NA,NA,2
W407G,407,0,NA,NA,NA,NA,NA,NA,,NA,NA,,NA,NA,NA,18
W407K,407,0,NA,NA,NA,NA,NA,NA,,NA,NA,,NA,NA,NA,17
W407Q,407,0,NA,NA,NA,NA,NA,NA,,NA,NA,,NA,NA,NA,5
W407R,407,0,NA,NA,NA,NA,NA,NA,,NA,NA,,NA,NA,NA,5
W407Y,407,0,NA,NA,NA,NA,NA,NA,,NA,NA,,NA,NA,NA,1
W409Y,409,1,36.75,-0.40,0.14,0.02,809,2.6,311154,0.18,12.9,2.7,NA,NA,NA,8
F415A,415,1,40.54,-0.46,0.27,0.05,1,16.63,80,4,0.1,20,NA,NA,NA,9
F415N,415,1,NA,NA,NA,NA,NA,NA,<10,NA,NA,NA,NA,NA,NA,21
E423S,423,1,39.50,-1.49,0.09,0.13,646,6.6,97777,0.42,42,6431,NA,NA,NA,12
BglB,,1,39.93,-1.19,0.09,0.08,880,5,174000,0.2,10,8000,NA,NA,NA,